sample_id	clade	country	coverage
ART	drug_type	NA	11.70003146
B52	drug_type	NA	8.655655703
SWD	drug_type	NA	12.70945918
BBD	drug_type	NA	13.96647035
BSK	drug_type	NA	10.83209975
TOP	drug_type	NA	13.74559143
RIA	drug_type	NA	13.30117496
NLT	drug_type	NA	11.79113608
HAE	drug_type	NA	14.88660621
MSA	drug_type	NA	12.18069582
HMW	drug_type	NA	11.25884476
HKH	drug_type	NA	13.44807856
PP9	drug_type	NA	13.67632644
THD	drug_type	Thailand	13.31947317
PEU	drug_type	Peru	14.04528724
COA	drug_type	Colombia	13.60627113
WWW	drug_type	NA	10.66314497
DPN	drug_type	NA	8.080273615
HAW	drug_type	NA	6.509827102
LEE	drug_type	NA	7.116357032
TOA	drug_type	NA	7.267158102
G13	drug_type	NA	6.590006441
HAR	drug_type	NA	6.111112017
LRR	drug_type	NA	8.767224054
PBK	drug_type	NA	7.188120128
SLH	drug_type	NA	9.157391653
STC	drug_type	NA	4.620002617
KUZ	drug_type	NA	6.179544209
AKH	drug_type	NA	9.718578048
CHE	drug_type	NA	6.087078317
ATK	drug_type	NA	6.195408868
BDJ	drug_type	NA	7.419224474
BDM	drug_type	NA	6.033274435
THE	drug_type	NA	4.408159978
OKH	drug_type	NA	4.586251463
GGT	drug_type	NA	5.125473629
CHG	drug_type	NA	21.66528711
PKH	drug_type	NA	23.88779089
IBE	drug_type_feral	India	16.83287187
HUO	hemp_type	Hungary	17.36541726
HKI	hemp_type	Hungary	9.652963298
PBE	hemp_type	Poland	12.04414806
FFN	hemp_type	France	12.17422504
FFA	hemp_type	France	13.32498863
FSA	hemp_type	France	14.34471185
NCN	hemp_type	Netherlands	12.4749285
IFA	hemp_type	Italy	13.7277439
PBO	hemp_type	Poland	13.03174603
SDA	hemp_type	Spain	17.28105413
UJO	hemp_type	Ukraine	11.19530219
ERM1	hemp_type	NE China	10.48237909
UGA	hemp_type	Ukraine	12.12881787
RKY	hemp_type	Russia	14.18479638
ERM2	hemp_type	NE China	12.48764354
ERM3	hemp_type	NE China	11.96376427
ERM4	hemp_type	NE China	12.23818014
GBA	hemp_type	former East Germany	11.9990347
HIS	hemp_type	Hungary	11.93203543
DHP	hemp_type	Russia	9.895114487
USO	hemp_type	Ukraine	8.723064605
SIY	hemp_type	NA	6.178556351
FIA	hemp_type	Finland	15.05593805
FKS	basal_cannabis	NA	5.388147174
FNA	basal_cannabis	NA	4.938900172
XHC1	basal_cannabis	NW China	12.64450715
XHC2	basal_cannabis	NW China	13.02903172
XGL1	basal_cannabis	NW China	24.82391453
XGL2	basal_cannabis	NW China	21.2
XBL1	basal_cannabis	NW China	14.67418341
XBL2	basal_cannabis	NW China	12.37526941
XUM1	basal_cannabis	NW China	15.02987871
XUM2	basal_cannabis	NW China	11.15649195
IMA	basal_cannabis	N China	20.3
QHI	basal_cannabis	W China	12.34
IUP1	drug_type_feral	India	16.73776898
IUP2	drug_type_feral	India	11.53430026
IUP3	drug_type_feral	India	14.43345004
IUL1	drug_type_feral	India	16.92859701
IUL2	drug_type_feral	India	15.3567382
IUL3	drug_type_feral	India	10.77387772
IBR1	drug_type_feral	India	12.21338269
IBR2	drug_type_feral	India	12.42672705
IBR3	drug_type_feral	India	16.84247377
PID1	drug_type_feral	Pakistan	12.20361128
PID2	drug_type_feral	Pakistan	16.53371205
PCL1	drug_type_feral	Pakistan	8.61793464
PCL2	drug_type_feral	Pakistan	10.92957612
SCN	drug_type_feral	SW China	17.11
YNN	drug_type_feral	SW China	30.76
GXI	drug_type_feral	SW China	31.36
KAK1	hemp_type	Kazakhstan	14.46099211
KAK2	hemp_type	Kazakhstan	9.660807114
KAK3	hemp_type	Kazakhstan	16.72175857
UTT1	hemp_type	Uzbekistan	15.6422561
UTT2	hemp_type	Uzbekistan	11.08979937
UTT3	hemp_type	Uzbekistan	10.20602928
NEB1	basal_cannabis	NE China	14.99303629
NEB2	basal_cannabis	NE China	11.6911922
NEB3	basal_cannabis	NE China	12.97515839
NEB4	basal_cannabis	NE China	13.96557929
ICA1	hemp_type	Italy	12.89803756
ICA2	hemp_type	Italy	15.28494868
HTI	hemp_type	Hungary	13.11110362
NER1	hemp_type	NE China	10.69214617
UNS	hemp_type	Ukraine	13.37423527
UKE	hemp_type	Ukraine	16.37821382
BUA	hemp_type	Bulgaria	15.30294004
NER2	hemp_type	NE China	12.2693472
NER3	hemp_type	NE China	14.01637557
NER4	hemp_type	NE China	13.80654427
