sample_id	population
NA12718	CEU
NA12748	CEU
NA12775	CEU
NA12777	CEU
NA12778	CEU
NA12827	CEU
NA12829	CEU
NA12842	CEU
NA12843	CEU
NA12889	CEU
NA12890	CEU
NA18488	YRI
NA18530	CHB
NA18534	CHB
NA18536	CHB
NA18543	CHB
NA18544	CHB
NA18546	CHB
NA18548	CHB
NA18549	CHB
NA18557	CHB
NA18559	CHB
NA20752	TSI
NA20753	TSI
NA20754	TSI
NA20755	TSI
NA20756	TSI
NA20757	TSI
NA20758	TSI
NA20759	TSI
NA20760	TSI
NA20761	TSI
NA20762	TSI
NA20763	TSI
NA20764	TSI
NA20765	TSI
NA20766	TSI
NA20767	TSI
NA20768	TSI
NA20769	TSI
NA20770	TSI
NA20771	TSI
NA20772	TSI
NA20773	TSI
HG00443	CHS
HG00445	CHS
HG00446	CHS
HG00448	CHS
HG00449	CHS
HG00451	CHS
HG00452	CHS
HG00463	CHS
HG00464	CHS
HG00118	GBR
HG00119	GBR
HG00121	GBR
HG00122	GBR
HG00123	GBR
HG00125	GBR
HG00126	GBR
HG00159	GBR
HG00231	GBR
HG00232	GBR
HG00236	GBR
HG00237	GBR
HG00239	GBR
NA18595	CHB
NA18596	CHB
NA18597	CHB
NA18599	CHB
NA18602	CHB
NA18606	CHB
NA18610	CHB
NA18611	CHB
NA18612	CHB
NA18613	CHB
NA18615	CHB
NA18616	CHB
NA18617	CHB
NA18618	CHB
NA18619	CHB
NA18620	CHB
NA18621	CHB
NA18622	CHB
NA18623	CHB
NA18624	CHB
NA18625	CHB
NA18626	CHB
NA20774	TSI
NA20775	TSI
NA20778	TSI
NA20783	TSI
NA20785	TSI
NA20786	TSI
NA20787	TSI
NA20790	TSI
NA20792	TSI
NA20795	TSI
NA20796	TSI
NA20797	TSI
NA20798	TSI
NA20799	TSI
NA20800	TSI
NA20801	TSI
NA20802	TSI
NA20803	TSI
NA20804	TSI
NA20805	TSI
NA20806	TSI
NA20807	TSI
HG00242	GBR
HG00243	GBR
HG00244	GBR
HG00245	GBR
HG00252	GBR
HG00253	GBR
HG00254	GBR
HG00256	GBR
HG00257	GBR
HG00258	GBR
HG00259	GBR
HG00260	GBR
HG00261	GBR
HG00262	GBR
HG00263	GBR
HG00264	GBR
HG00265	GBR
HG00266	FIN
HG00267	FIN
HG00268	FIN
HG00269	FIN
HG00271	FIN
NA18627	CHB
NA18628	CHB
NA18630	CHB
NA18631	CHB
NA18632	CHB
NA18633	CHB
NA18634	CHB
NA18635	CHB
NA18636	CHB
NA18637	CHB
NA18639	CHB
NA18640	CHB
NA18641	CHB
NA18642	CHB
NA18643	CHB
NA18645	CHB
NA18647	CHB
NA18740	CHB
NA18745	CHB
NA18747	CHB
NA18748	CHB
NA18749	CHB
NA20808	TSI
NA20809	TSI
NA20810	TSI
NA20811	TSI
NA20812	TSI
NA20813	TSI
NA20814	TSI
NA20815	TSI
NA20818	TSI
NA20819	TSI
NA20821	TSI
NA20822	TSI
NA20826	TSI
NA20827	TSI
NA20828	TSI
NA20832	TSI
NA19222	YRI
NA19625	ASW
NA19648	MXL
NA19649	MXL
NA19651	MXL
NA19652	MXL
HG00272	FIN
HG00273	FIN
HG00306	FIN
HG00308	FIN
HG00309	FIN
HG00311	FIN
HG00313	FIN
HG00315	FIN
HG00318	FIN
HG00319	FIN
HG00320	FIN
HG00321	FIN
HG00323	FIN
HG00327	FIN
HG00328	FIN
HG00335	FIN
HG00336	FIN
HG00337	FIN
HG00338	FIN
HG00339	FIN
HG00342	FIN
HG00343	FIN
NA18757	CHB
NA18867	YRI
NA18868	YRI
NA18873	YRI
NA18908	YRI
NA18910	YRI
NA18917	YRI
NA18923	YRI
NA18924	YRI
NA18933	YRI
NA18934	YRI
NA18939	JPT
NA18941	JPT
NA18946	JPT
NA18954	JPT
NA18957	JPT
NA18962	JPT
NA18963	JPT
NA18966	JPT
NA18977	JPT
NA18978	JPT
NA18979	JPT
NA19654	MXL
NA19655	MXL
NA19657	MXL
NA19658	MXL
NA19661	MXL
NA19663	MXL
NA19664	MXL
NA19669	MXL
NA19670	MXL
NA19676	MXL
NA19678	MXL
NA19679	MXL
NA19681	MXL
NA19682	MXL
NA19684	MXL
NA19700	ASW
NA19701	ASW
NA19703	ASW
NA19704	ASW
NA19707	ASW
NA19711	ASW
NA19712	ASW
HG00344	FIN
HG00345	FIN
HG00346	FIN
HG00349	FIN
HG00350	FIN
HG00351	FIN
HG00353	FIN
HG00355	FIN
HG00356	FIN
HG00357	FIN
HG00358	FIN
HG00360	FIN
HG00361	FIN
HG00362	FIN
HG00364	FIN
HG00365	FIN
HG00366	FIN
HG00367	FIN
HG00368	FIN
HG00369	FIN
HG00371	FIN
HG00372	FIN
NA18987	JPT
NA18990	JPT
NA18991	JPT
NA18992	JPT
NA18993	JPT
NA18994	JPT
NA18995	JPT
NA18997	JPT
NA18998	JPT
NA18999	JPT
NA19000	JPT
NA19001	JPT
NA19002	JPT
NA19003	JPT
NA19007	JPT
NA19009	JPT
NA19010	JPT
NA19012	JPT
NA19054	JPT
NA19055	JPT
NA19056	JPT
NA19057	JPT
NA19713	ASW
NA19716	MXL
NA19717	MXL
NA19719	MXL
NA19720	MXL
NA19722	MXL
NA19723	MXL
NA19725	MXL
NA19726	MXL
NA19728	MXL
NA19729	MXL
NA19731	MXL
NA19732	MXL
NA19746	MXL
NA19747	MXL
NA19749	MXL
NA19750	MXL
NA19755	MXL
NA19756	MXL
NA19758	MXL
NA19759	MXL
NA19761	MXL
HG00373	FIN
HG00375	FIN
HG00376	FIN
NA19058	JPT
NA19059	JPT
NA19060	JPT
NA19062	JPT
NA19063	JPT
NA19064	JPT
NA19065	JPT
NA19066	JPT
NA19067	JPT
NA19068	JPT
NA19070	JPT
NA19072	JPT
NA19074	JPT
NA19075	JPT
NA19076	JPT
NA19077	JPT
NA19078	JPT
NA19079	JPT
NA19080	JPT
NA19081	JPT
NA19082	JPT
NA19083	JPT
NA19762	MXL
NA19770	MXL
NA19771	MXL
NA19773	MXL
NA19774	MXL
NA19776	MXL
NA19777	MXL
NA19779	MXL
NA19780	MXL
NA19782	MXL
NA19783	MXL
NA19785	MXL
NA19786	MXL
NA19788	MXL
NA19789	MXL
NA19794	MXL
NA19795	MXL
NA19818	ASW
NA19819	ASW
NA19834	ASW
NA19835	ASW
NA19900	ASW
NA06985	CEU
NA06986	CEU
NA06994	CEU
NA07000	CEU
NA07037	CEU
NA07051	CEU
NA19084	JPT
NA19085	JPT
NA19086	JPT
NA19087	JPT
NA19088	JPT
NA19092	YRI
NA19095	YRI
NA19096	YRI
NA19107	YRI
NA19113	YRI
NA19117	YRI
NA19118	YRI
NA19121	YRI
NA19130	YRI
NA19146	YRI
NA19149	YRI
NA19175	YRI
NA19184	YRI
NA19185	YRI
NA19189	YRI
NA19197	YRI
NA19198	YRI
NA19901	ASW
NA19904	ASW
NA19908	ASW
NA19909	ASW
NA19914	ASW
NA19916	ASW
NA19917	ASW
NA19920	ASW
NA19921	ASW
NA19982	ASW
NA20126	ASW
NA20127	ASW
NA20276	ASW
NA20278	ASW
NA20281	ASW
NA20282	ASW
NA20287	ASW
NA20289	ASW
NA20291	ASW
NA20294	ASW
NA20296	ASW
NA20299	ASW
NA07347	CEU
NA07357	CEU
NA10847	CEU
NA10851	CEU
NA11829	CEU
NA11830	CEU
NA11831	CEU
NA11832	CEU
NA11840	CEU
NA11881	CEU
NA11894	CEU
NA11918	CEU
NA11919	CEU
NA11920	CEU
NA11931	CEU
NA11992	CEU
NA11994	CEU
NA11995	CEU
NA12003	CEU
NA12004	CEU
NA12005	CEU
NA12006	CEU
NA19213	YRI
NA19214	YRI
NA19223	YRI
NA19235	YRI
NA19236	YRI
NA19247	YRI
NA19248	YRI
NA19256	YRI
NA07048	CEU
NA11932	CEU
NA11933	CEU
NA12046	CEU
NA18525	CHB
NA18528	CHB
NA18531	CHB
NA18533	CHB
NA18535	CHB
NA18538	CHB
NA18539	CHB
NA18541	CHB
NA18553	CHB
NA18560	CHB
NA20314	ASW
NA20317	ASW
NA20332	ASW
NA20334	ASW
NA20340	ASW
NA20342	ASW
NA20346	ASW
NA20348	ASW
NA20356	ASW
NA20357	ASW
NA20359	ASW
NA20845	GIH
NA20846	GIH
NA20847	GIH
NA20849	GIH
NA20850	GIH
NA20851	GIH
NA20852	GIH
NA20853	GIH
NA20854	GIH
NA20856	GIH
NA20858	GIH
NA12043	CEU
NA12044	CEU
NA12045	CEU
NA12144	CEU
NA12154	CEU
NA12155	CEU
NA12156	CEU
NA12234	CEU
NA12249	CEU
NA12287	CEU
NA12414	CEU
NA12489	CEU
NA12716	CEU
NA12717	CEU
NA12749	CEU
NA12750	CEU
NA12751	CEU
NA12760	CEU
NA12761	CEU
NA12762	CEU
NA12763	CEU
NA12776	CEU
NA18565	CHB
NA18567	CHB
NA18574	CHB
NA18591	CHB
NA18629	CHB
NA18644	CHB
NA18646	CHB
NA18648	CHB
NA18864	YRI
NA18865	YRI
NA18876	YRI
NA18877	YRI
NA18878	YRI
NA18879	YRI
NA18881	YRI
NA18915	YRI
NA18950	JPT
NA18982	JPT
NA18983	JPT
NA18984	JPT
NA18985	JPT
NA18986	JPT
NA20859	GIH
NA20861	GIH
NA20862	GIH
NA20866	GIH
NA20869	GIH
NA20870	GIH
NA20872	GIH
NA20874	GIH
NA20875	GIH
NA20876	GIH
NA20877	GIH
NA20878	GIH
NA20881	GIH
NA20882	GIH
NA20884	GIH
NA20885	GIH
NA20886	GIH
NA20887	GIH
NA20888	GIH
NA20889	GIH
NA20890	GIH
NA20891	GIH
NA12812	CEU
NA12813	CEU
NA12814	CEU
NA12815	CEU
NA12828	CEU
NA12872	CEU
NA12873	CEU
NA12874	CEU
NA12878	CEU
NA18486	YRI
NA18489	YRI
NA18498	YRI
NA18499	YRI
NA18501	YRI
NA18502	YRI
NA18504	YRI
NA18505	YRI
NA18507	YRI
NA18508	YRI
NA18510	YRI
NA18511	YRI
NA18516	YRI
NA18988	JPT
NA18989	JPT
NA19004	JPT
NA19006	JPT
NA19011	JPT
NA19017	LWK
NA19019	LWK
NA19020	LWK
NA19023	LWK
NA19024	LWK
NA19025	LWK
NA19026	LWK
NA19027	LWK
NA19028	LWK
NA19030	LWK
NA19031	LWK
NA19035	LWK
NA19036	LWK
NA19037	LWK
NA19038	LWK
NA19041	LWK
NA19042	LWK
NA20892	GIH
NA20894	GIH
NA20895	GIH
NA20896	GIH
NA20897	GIH
NA20899	GIH
NA20900	GIH
NA20901	GIH
NA20902	GIH
NA20903	GIH
NA20904	GIH
NA20906	GIH
NA20908	GIH
NA20910	GIH
NA20911	GIH
NA21086	GIH
NA21088	GIH
NA21089	GIH
NA21090	GIH
NA21091	GIH
NA21092	GIH
NA21094	GIH
NA18517	YRI
NA18519	YRI
NA18520	YRI
NA18522	YRI
NA18523	YRI
NA18526	CHB
NA18532	CHB
NA18537	CHB
NA18542	CHB
NA18545	CHB
NA18547	CHB
NA18550	CHB
NA18552	CHB
NA18555	CHB
NA18558	CHB
NA18561	CHB
NA18562	CHB
NA18563	CHB
NA18564	CHB
NA18566	CHB
NA18570	CHB
NA18571	CHB
NA19043	LWK
NA19089	JPT
NA19090	JPT
NA19091	JPT
NA19307	LWK
NA19308	LWK
NA19309	LWK
NA19310	LWK
NA19312	LWK
NA19314	LWK
NA19315	LWK
NA19316	LWK
NA19317	LWK
NA19318	LWK
NA19319	LWK
NA19320	LWK
NA19321	LWK
NA19323	LWK
NA19324	LWK
NA19327	LWK
NA19328	LWK
NA19331	LWK
NA21097	GIH
NA21098	GIH
NA21099	GIH
NA21100	GIH
NA21101	GIH
NA21102	GIH
NA21103	GIH
NA21104	GIH
NA21105	GIH
NA21106	GIH
NA21107	GIH
NA21108	GIH
NA21109	GIH
NA21110	GIH
NA21111	GIH
NA21112	GIH
NA21113	GIH
NA21115	GIH
NA21116	GIH
NA21117	GIH
NA21118	GIH
NA21119	GIH
NA18572	CHB
NA18573	CHB
NA18577	CHB
NA18579	CHB
NA18582	CHB
NA18592	CHB
NA18593	CHB
NA18603	CHB
NA18605	CHB
NA18608	CHB
NA18609	CHB
NA18638	CHB
NA18853	YRI
NA18856	YRI
NA18858	YRI
NA18861	YRI
NA18870	YRI
NA18871	YRI
NA18907	YRI
NA18909	YRI
NA18912	YRI
NA18916	YRI
NA19332	LWK
NA19334	LWK
NA19338	LWK
NA19346	LWK
NA19347	LWK
NA19350	LWK
NA19351	LWK
NA19355	LWK
NA19360	LWK
NA19372	LWK
NA19374	LWK
NA19375	LWK
NA19376	LWK
NA19377	LWK
NA19378	LWK
NA19379	LWK
NA19380	LWK
NA19383	LWK
NA19384	LWK
NA19385	LWK
NA19390	LWK
NA19391	LWK
NA21120	GIH
NA21122	GIH
NA21123	GIH
NA21125	GIH
NA21127	GIH
NA21128	GIH
NA21130	GIH
NA21133	GIH
NA21135	GIH
NA21137	GIH
NA21141	GIH
NA21142	GIH
NA21143	GIH
NA21144	GIH
NA19734	MXL
NA19735	MXL
NA19740	MXL
NA19741	MXL
NA19752	MXL
NA19764	MXL
NA19792	MXL
NA19922	ASW
NA18940	JPT
NA18942	JPT
NA18943	JPT
NA18944	JPT
NA18945	JPT
NA18947	JPT
NA18948	JPT
NA18949	JPT
NA18951	JPT
NA18952	JPT
NA18953	JPT
NA18956	JPT
NA18959	JPT
NA18960	JPT
NA18961	JPT
NA18964	JPT
NA18965	JPT
NA18967	JPT
NA18968	JPT
NA18969	JPT
NA18970	JPT
NA18971	JPT
NA19393	LWK
NA19394	LWK
NA19395	LWK
NA19397	LWK
NA19399	LWK
NA19401	LWK
NA19403	LWK
NA19404	LWK
NA19428	LWK
NA19429	LWK
NA19430	LWK
NA19431	LWK
NA19434	LWK
NA19435	LWK
NA19436	LWK
NA19437	LWK
NA19438	LWK
NA19439	LWK
NA19440	LWK
NA19443	LWK
NA19445	LWK
NA19446	LWK
NA19923	ASW
NA19984	ASW
NA20298	ASW
NA20339	ASW
NA20351	ASW
NA20412	ASW
NA20863	GIH
NA20864	GIH
NA20867	GIH
NA20868	GIH
NA20905	GIH
NA21087	GIH
NA21093	GIH
NA21095	GIH
NA21114	GIH
NA21124	GIH
NA21126	GIH
NA21129	GIH
HG00096	GBR
HG00097	GBR
HG00099	GBR
HG00100	GBR
NA18972	JPT
NA18973	JPT
NA18974	JPT
NA18975	JPT
NA18976	JPT
NA18980	JPT
NA18981	JPT
NA19005	JPT
NA19093	YRI
NA19098	YRI
NA19099	YRI
NA19102	YRI
NA19108	YRI
NA19114	YRI
NA19116	YRI
NA19119	YRI
NA19129	YRI
NA19131	YRI
NA19137	YRI
NA19138	YRI
NA19141	YRI
NA19143	YRI
NA19448	LWK
NA19449	LWK
NA19451	LWK
NA19452	LWK
NA19454	LWK
NA19455	LWK
NA19456	LWK
NA19457	LWK
NA19461	LWK
NA19462	LWK
NA19463	LWK
NA19466	LWK
NA19467	LWK
NA19468	LWK
NA19471	LWK
NA19472	LWK
NA19473	LWK
NA19474	LWK
NA19475	LWK
NA20502	TSI
NA20503	TSI
NA20504	TSI
HG00101	GBR
HG00102	GBR
HG00103	GBR
HG00105	GBR
HG00106	GBR
HG00107	GBR
HG00108	GBR
HG00109	GBR
HG00110	GBR
HG00111	GBR
HG00112	GBR
HG00113	GBR
HG00114	GBR
HG00115	GBR
HG00116	GBR
HG00117	GBR
HG00120	GBR
HG00127	GBR
HG00128	GBR
HG00129	GBR
HG00130	GBR
HG00131	GBR
NA19144	YRI
NA19147	YRI
NA19152	YRI
NA19153	YRI
NA19159	YRI
NA19160	YRI
NA19171	YRI
NA19172	YRI
NA19190	YRI
NA19200	YRI
NA19201	YRI
NA19204	YRI
NA19206	YRI
NA19207	YRI
NA19209	YRI
NA19210	YRI
NA19225	YRI
NA19238	YRI
NA19239	YRI
NA19257	YRI
NA07056	CEU
NA18614	CHB
NA20505	TSI
NA20506	TSI
NA20507	TSI
NA20508	TSI
NA20509	TSI
NA20510	TSI
NA20511	TSI
NA20512	TSI
NA20513	TSI
NA20514	TSI
NA20515	TSI
NA20516	TSI
NA20517	TSI
NA20518	TSI
NA20519	TSI
NA20520	TSI
NA20521	TSI
NA20522	TSI
NA20524	TSI
NA20525	TSI
NA20527	TSI
NA20528	TSI
HG00132	GBR
HG00133	GBR
HG00136	GBR
HG00137	GBR
HG00138	GBR
HG00139	GBR
HG00140	GBR
HG00141	GBR
HG00142	GBR
HG00143	GBR
HG00145	GBR
HG00146	GBR
HG00148	GBR
HG00149	GBR
HG00150	GBR
HG00151	GBR
HG00155	GBR
HG00157	GBR
HG00158	GBR
HG00160	GBR
HG00171	FIN
HG00173	FIN
NA06984	CEU
NA06989	CEU
NA11843	CEU
NA11892	CEU
NA11893	CEU
NA11930	CEU
NA12058	CEU
NA12272	CEU
NA12273	CEU
NA12275	CEU
NA12282	CEU
NA12283	CEU
NA12286	CEU
NA12340	CEU
NA12341	CEU
NA12342	CEU
NA12347	CEU
NA12348	CEU
NA12383	CEU
NA12399	CEU
NA12400	CEU
NA12413	CEU
NA20529	TSI
NA20530	TSI
NA20531	TSI
NA20532	TSI
NA20533	TSI
NA20534	TSI
NA20535	TSI
NA20536	TSI
NA20538	TSI
NA20539	TSI
NA20540	TSI
NA20541	TSI
NA20542	TSI
NA20543	TSI
NA20544	TSI
NA20581	TSI
NA20582	TSI
NA20585	TSI
NA20586	TSI
NA20587	TSI
NA20588	TSI
NA20589	TSI
HG00174	FIN
HG00176	FIN
HG00177	FIN
HG00178	FIN
HG00179	FIN
HG00180	FIN
HG00181	FIN
HG00182	FIN
HG00183	FIN
HG00185	FIN
HG00186	FIN
HG00187	FIN
HG00188	FIN
HG00189	FIN
HG00190	FIN
HG00233	GBR
HG00234	GBR
HG00235	GBR
HG00238	GBR
HG00240	GBR
HG00255	GBR
HG00442	CHS
HG01171	PUR
HG01173	PUR
HG01174	PUR
HG01176	PUR
HG01177	PUR
HG01182	PUR
HG01183	PUR
HG01187	PUR
HG01188	PUR
HG01190	PUR
HG01191	PUR
HG01197	PUR
HG01198	PUR
HG01204	PUR
HG01205	PUR
HG01241	PUR
HG01242	PUR
HG01247	PUR
HG01248	PUR
HG01250	CLM
HG01251	CLM
HG01253	CLM
HG02215	GBR
HG01882	ACB
HG01883	ACB
HG01885	ACB
HG01956	ACB
HG02014	ACB
HG01886	ACB
HG01890	ACB
HG01889	ACB
HG02009	ACB
HG02010	ACB
HG02285	PEL
HG02286	PEL
HG02301	PEL
HG01783	IBS
HG01784	IBS
HG02221	IBS
HG02220	IBS
HG02236	IBS
HG02235	IBS
HG02113	KHV
HG02141	KHV
HG03212	MSL
HG03055	MSL
HG03376	MSL
HG03380	MSL
HG03385	MSL
HG03388	MSL
HG03401	MSL
HG03419	MSL
HG03061	MSL
HG03428	MSL
HG03433	MSL
HG03439	MSL
HG03442	MSL
HG03445	MSL
HG03446	MSL
HG03460	MSL
HG03461	MSL
HG03478	MSL
HG03479	MSL
HG03066	MSL
HG03069	MSL
HG03072	MSL
HG03753	STU
HG03760	STU
HG03836	STU
HG03837	STU
HG03846	STU
HG03848	STU
HG03851	STU
HG03856	STU
HG03895	STU
HG03890	STU
HG04033	STU
HG03947	STU
HG03953	STU
HG03949	STU
HG04035	STU
HG04029	STU
HG04042	STU
HG04099	STU
HG03977	ITU
HG03780	ITU
HG03718	ITU
HG04018	ITU
HG01254	CLM
HG01256	CLM
HG01257	CLM
HG01259	CLM
HG01260	CLM
HG01271	CLM
HG01272	CLM
HG01275	CLM
HG01277	CLM
HG01334	GBR
HG01344	CLM
HG01345	CLM
HG01348	CLM
HG01356	CLM
HG01357	CLM
HG02122	KHV
HG02121	KHV
HG02128	KHV
HG02127	KHV
HG02373	CDX
HG02394	CDX
HG02396	CDX
HG02397	CDX
HG01914	ACB
HG01915	ACB
HG01986	ACB
HG01958	ACB
HG01990	ACB
HG02012	ACB
HG02053	ACB
HG02054	ACB
HG02255	ACB
HG02256	ACB
HG02314	ACB
HG02315	ACB
HG02281	ACB
HG02282	ACB
HG03410	MSL
HG03436	MSL
HG03437	MSL
HG03449	MSL
HG03458	MSL
HG03476	MSL
HG03484	MSL
HG03485	MSL
HG03547	MSL
HG03548	MSL
HG03556	MSL
HG03557	MSL
HG03391	MSL
HG03455	MSL
HG03559	MSL
HG03563	MSL
HG03565	MSL
HG03571	MSL
HG03572	MSL
HG03575	MSL
HG03577	MSL
HG03578	MSL
HG03742	ITU
HG03779	ITU
HG03777	ITU
HG03785	ITU
HG03790	ITU
HG03792	ITU
HG03782	ITU
HG03873	ITU
HG03861	ITU
HG03863	ITU
HG03872	ITU
HG03870	ITU
HG03867	ITU
HG03963	ITU
HG03960	ITU
HG03968	ITU
HG03720	ITU
HG04019	ITU
HG04025	ITU
HG04020	ITU
HG04014	ITU
HG04015	ITU
HG01377	CLM
HG01378	CLM
HG01383	CLM
HG01384	CLM
HG01341	CLM
HG01342	CLM
HG01350	CLM
HG01351	CLM
HG01353	CLM
HG01354	CLM
HG01359	CLM
HG01360	CLM
HG01365	CLM
HG01366	CLM
HG01374	CLM
HG01375	CLM
HG01389	CLM
HG01390	CLM
HG01437	CLM
HG01438	CLM
HG01440	CLM
HG01441	CLM
HG02317	ACB
HG02318	ACB
HG01912	ACB
HG01894	ACB
HG01982	PEL
HG02146	PEL
HG02147	PEL
HG02259	PEL
HG02260	PEL
HG02271	PEL
HG02272	PEL
HG02277	PEL
HG02278	PEL
HG02291	PEL
HG02292	PEL
HG02299	PEL
HG02298	PEL
HG01699	IBS
HG01697	IBS
HG02224	IBS
HG02223	IBS
HG02231	IBS
HG03583	MSL
HG03515	ESN
HG03514	ESN
HG03268	ESN
HG03267	ESN
HG03271	ESN
HG03270	ESN
HG03280	ESN
HG03279	ESN
HG03291	ESN
HG03295	ESN
HG03294	ESN
HG03301	ESN
HG03300	ESN
HG03367	ESN
HG03366	ESN
HG02947	ESN
HG02946	ESN
HG02971	ESN
HG02970	ESN
HG02953	ESN
HG02952	ESN
HG04022	ITU
HG04063	ITU
HG04093	ITU
HG04118	ITU
HG02568	GWD
HG02759	GWD
HG02760	GWD
HG02763	GWD
HG02870	GWD
HG02878	GWD
HG02879	GWD
HG02881	GWD
HG02882	GWD
HG02982	GWD
HG02983	GWD
HG03054	MSL
HG03060	MSL
HG03063	MSL
HG03064	MSL
HG03073	MSL
HG03074	MSL
HG03077	MSL
HG01455	CLM
HG01456	CLM
HG01461	CLM
HG01462	CLM
HG01464	CLM
HG01465	CLM
HG01488	CLM
HG01489	CLM
HG01491	CLM
HG01492	CLM
HG01494	CLM
HG01495	CLM
HG01497	CLM
HG01498	CLM
HG01500	IBS
HG01501	IBS
HG01503	IBS
HG01504	IBS
HG01506	IBS
HG01507	IBS
HG01509	IBS
HG01510	IBS
HG02230	IBS
HG02238	IBS
HG02239	IBS
HG02032	KHV
HG02031	KHV
HG02050	KHV
HG02250	CDX
HG02351	CDX
HG02353	CDX
HG02355	CDX
HG02356	CDX
HG02360	CDX
HG02364	CDX
HG02367	CDX
HG02371	CDX
HG02374	CDX
HG02375	CDX
HG02379	CDX
HG02380	CDX
HG02382	CDX
HG02383	CDX
HG02384	CDX
HG02977	ESN
HG02976	ESN
HG03118	ESN
HG03117	ESN
HG03130	ESN
HG03129	ESN
HG03160	ESN
HG03159	ESN
HG03163	ESN
HG03162	ESN
HG03169	ESN
HG03168	ESN
HG03172	ESN
HG03196	ESN
HG03195	ESN
HG03199	ESN
HG03198	ESN
HG03343	ESN
HG03342	ESN
HG03370	ESN
HG03369	ESN
HG03234	PJL
HG03079	MSL
HG03082	MSL
HG03086	MSL
HG03091	MSL
HG03095	MSL
HG03224	MSL
HG03225	MSL
HG03378	MSL
HG03382	MSL
HG03394	MSL
HG03432	MSL
HG03457	MSL
HG03558	MSL
HG03567	MSL
HG02938	ESN
HG02941	ESN
HG02968	ESN
HG02979	ESN
HG02981	ESN
HG03103	ESN
HG03105	ESN
HG03111	ESN
HG01512	IBS
HG01513	IBS
HG01515	IBS
HG01516	IBS
HG01518	IBS
HG01519	IBS
HG01521	IBS
HG01522	IBS
HG01524	IBS
HG01525	IBS
HG01527	IBS
HG01528	IBS
HG01530	IBS
HG01531	IBS
HG01536	IBS
HG01537	IBS
HG01550	CLM
HG01551	CLM
HG01602	IBS
HG01603	IBS
HG01605	IBS
HG01606	IBS
HG02385	CDX
HG02386	CDX
HG02389	CDX
HG02390	CDX
HG02391	CDX
HG02392	CDX
HG02395	CDX
HG02398	CDX
HG02399	CDX
HG02401	CDX
HG02402	CDX
HG02406	CDX
HG02407	CDX
HG02409	CDX
HG02233	IBS
HG02232	IBS
HG01879	ACB
HG01880	ACB
HG02013	ACB
HG01896	ACB
HG01985	ACB
HG01988	ACB
HG03235	PJL
HG03488	PJL
HG03490	PJL
HG03491	PJL
HG03619	PJL
HG03634	PJL
HG03667	PJL
HG03668	PJL
HG03015	PJL
HG03016	PJL
HG03702	PJL
HG03703	PJL
HG03708	PJL
HG03709	PJL
HG03006	BEB
HG03007	BEB
HG03615	BEB
HG03616	BEB
HG03793	BEB
HG03796	BEB
HG03800	BEB
HG03803	BEB
HG03112	ESN
HG03126	ESN
HG03127	ESN
HG03139	ESN
HG03157	ESN
HG03166	ESN
HG03175	ESN
HG03189	ESN
HG03190	ESN
HG03193	ESN
HG03202	ESN
HG03265	ESN
HG03297	ESN
HG03298	ESN
HG03303	ESN
HG03304	ESN
HG03311	ESN
HG03313	ESN
HG03351	ESN
HG03352	ESN
HG03354	ESN
HG03363	ESN
HG01607	IBS
HG01608	IBS
HG01610	IBS
HG01612	IBS
HG01613	IBS
HG01615	IBS
HG01617	IBS
HG01618	IBS
HG01619	IBS
HG01620	IBS
HG01623	IBS
HG01624	IBS
HG01625	IBS
HG01626	IBS
HG01628	IBS
HG01630	IBS
HG01631	IBS
HG01632	IBS
HG01668	IBS
HG01669	IBS
HG01670	IBS
HG01672	IBS
HG01989	ACB
HG02051	ACB
HG02052	ACB
HG02095	ACB
HG02332	ACB
HG02107	ACB
HG02108	ACB
HG02111	ACB
HG02143	ACB
HG02144	ACB
HG02307	ACB
HG02308	ACB
HG02283	ACB
HG02309	ACB
HG02284	ACB
HG02322	ACB
HG02323	ACB
HG02325	ACB
HG02337	ACB
HG02334	ACB
HG02330	ACB
HG02339	ACB
HG03802	BEB
HG03815	BEB
HG03814	BEB
HG03824	BEB
HG03823	BEB
HG03826	BEB
HG03830	BEB
HG03829	BEB
HG03833	BEB
HG03832	BEB
HG03914	BEB
HG03913	BEB
HG03941	BEB
HG03940	BEB
HG04155	BEB
HG04156	BEB
HG03644	STU
HG03643	STU
HG03679	STU
HG03642	STU
HG03673	STU
HG03684	STU
HG03372	ESN
HG03499	ESN
HG03511	ESN
HG03517	ESN
HG03518	ESN
HG03520	ESN
HG03521	ESN
HG02493	PJL
HG02494	PJL
HG02648	PJL
HG02649	PJL
HG02651	PJL
HG02652	PJL
HG02681	PJL
HG02682	PJL
HG02690	PJL
HG02691	PJL
HG02699	PJL
HG02700	PJL
HG02736	PJL
HG02737	PJL
HG02774	PJL
HG01673	IBS
HG01675	IBS
HG01676	IBS
HG01678	IBS
HG01679	IBS
HG01680	IBS
HG01682	IBS
HG01684	IBS
HG01685	IBS
HG01686	IBS
HG01700	IBS
HG01702	IBS
HG01704	IBS
HG01705	IBS
HG01707	IBS
HG01708	IBS
HG01565	PEL
HG01566	PEL
HG01571	PEL
HG01572	PEL
HG01577	PEL
HG01578	PEL
HG02343	ACB
HG02419	ACB
HG02420	ACB
HG02427	ACB
HG02429	ACB
HG02433	ACB
HG02442	ACB
HG02445	ACB
HG02489	ACB
HG02449	ACB
HG02450	ACB
HG02470	ACB
HG02471	ACB
HG02479	ACB
HG02484	ACB
HG02485	ACB
HG02511	ACB
HG02496	ACB
HG02497	ACB
HG02508	ACB
HG02537	ACB
HG02035	KHV
HG03885	STU
HG03886	STU
HG03692	STU
HG03693	STU
HG03740	STU
HG03741	STU
HG03884	STU
HG03743	STU
HG03757	STU
HG03746	STU
HG03888	STU
HG03750	STU
HG03754	STU
HG03756	STU
HG03844	STU
HG04006	STU
HG03838	STU
HG03849	STU
HG03950	STU
HG03858	STU
HG03887	STU
HG03986	STU
HG02775	PJL
HG02792	PJL
HG02793	PJL
HG03228	PJL
HG03229	PJL
HG03624	PJL
HG03625	PJL
HG03640	PJL
HG03649	PJL
HG03652	PJL
HG03653	PJL
HG03705	PJL
HG03706	PJL
HG03762	PJL
HG01593	PJL
HG02597	PJL
HG02778	PJL
HG03021	PJL
HG03636	PJL
HG03765	PJL
HG03767	PJL
HG01583	PJL
HG00378	FIN
HG00379	FIN
HG00380	FIN
HG00381	FIN
HG00382	FIN
HG00384	FIN
HG00403	CHS
HG00404	CHS
HG01917	PEL
HG01918	PEL
HG01892	PEL
HG01893	PEL
HG01920	PEL
HG01921	PEL
HG01923	PEL
HG01924	PEL
HG01926	PEL
HG01927	PEL
HG01932	PEL
HG01933	PEL
HG01935	PEL
HG01936	PEL
HG01938	PEL
HG01939	PEL
HG01941	PEL
HG01942	PEL
HG01944	PEL
HG01945	PEL
HG01947	PEL
HG01948	PEL
HG02040	KHV
HG02047	KHV
HG02061	KHV
HG02060	KHV
HG02064	KHV
HG02067	KHV
HG02116	KHV
HG02131	KHV
HG02130	KHV
HG02137	KHV
HG02136	KHV
HG02512	KHV
HG02513	KHV
HG02521	KHV
HG02522	KHV
HG02461	GWD
HG02462	GWD
HG02464	GWD
HG02465	GWD
HG02561	GWD
HG02562	GWD
HG02570	GWD
HG03896	STU
HG03898	STU
HG03900	STU
HG03943	STU
HG03713	ITU
HG03716	ITU
HG03714	ITU
HG03717	ITU
HG03722	ITU
HG03730	ITU
HG03727	ITU
HG03729	ITU
HG03731	ITU
HG03771	ITU
HG03770	ITU
HG03882	ITU
HG03781	ITU
HG03775	ITU
HG03773	ITU
HG03772	ITU
HG03786	ITU
HG03784	ITU
HG01586	PJL
HG01589	PJL
HG02694	PJL
HG02731	PJL
HG02780	PJL
HG03018	PJL
HG03019	PJL
HG03022	PJL
HG03629	PJL
HG03631	PJL
HG03660	PJL
HG03663	PJL
HG04158	BEB
HG04185	BEB
HG04131	BEB
HG04134	BEB
HG04140	BEB
HG04141	BEB
HG04173	BEB
HG04182	BEB
HG04183	BEB
HG03821	BEB
HG00406	CHS
HG00407	CHS
HG00419	CHS
HG00421	CHS
HG00422	CHS
HG00428	CHS
HG00436	CHS
HG00437	CHS
HG00457	CHS
HG00458	CHS
HG00472	CHS
HG00473	CHS
HG00475	CHS
HG00476	CHS
HG00478	CHS
HG00479	CHS
HG00500	CHS
HG00513	CHS
HG00524	CHS
HG00525	CHS
HG00530	CHS
HG00531	CHS
HG01950	PEL
HG01951	PEL
HG01953	PEL
HG01954	PEL
HG01967	PEL
HG01968	PEL
HG01970	PEL
HG01971	PEL
HG01974	PEL
HG01973	PEL
HG01977	PEL
HG01976	PEL
HG01979	PEL
HG01980	PEL
HG01991	PEL
HG01992	PEL
HG02008	PEL
HG01997	PEL
HG02002	PEL
HG02003	PEL
HG02090	PEL
HG02089	PEL
HG02571	GWD
HG02573	GWD
HG02574	GWD
HG02582	GWD
HG02583	GWD
HG02585	GWD
HG02586	GWD
HG02588	GWD
HG02589	GWD
HG02594	GWD
HG02595	GWD
HG02613	GWD
HG02614	GWD
HG02620	GWD
HG02621	GWD
HG02623	GWD
HG02624	GWD
HG02628	GWD
HG02629	GWD
HG02642	GWD
HG02643	GWD
HG02645	GWD
HG03787	ITU
HG03788	ITU
HG03789	ITU
HG03864	ITU
HG03869	ITU
HG03862	ITU
HG03874	ITU
HG03978	ITU
HG03971	ITU
HG03974	ITU
HG03976	ITU
HG03973	ITU
HG04002	ITU
HG04017	ITU
HG04026	ITU
HG02439	ACB
HG02455	ACB
HG02476	ACB
HG02477	ACB
HG02481	ACB
HG02501	ACB
HG02502	ACB
HG03922	BEB
HG04180	BEB
HG03600	BEB
HG03603	BEB
HG03604	BEB
HG03611	BEB
HG03917	BEB
HG03920	BEB
HG04144	BEB
HG04152	BEB
HG04153	BEB
HG04161	BEB
HG04162	BEB
HG04164	BEB
HG04171	BEB
HG04176	BEB
HG04177	BEB
HG04188	BEB
HG04189	BEB
HG04194	BEB
HG04195	BEB
HG03995	STU
HG00533	CHS
HG00534	CHS
HG00536	CHS
HG00537	CHS
HG00542	CHS
HG00543	CHS
HG00553	PUR
HG00554	PUR
HG00556	CHS
HG00557	CHS
HG00559	CHS
HG00560	CHS
HG00565	CHS
HG00566	CHS
HG00580	CHS
HG00581	CHS
HG00583	CHS
HG00584	CHS
HG00589	CHS
HG00590	CHS
HG00592	CHS
HG00593	CHS
HG02104	PEL
HG02105	PEL
HG02017	KHV
HG02016	KHV
HG02020	KHV
HG02019	KHV
HG02023	KHV
HG02026	KHV
HG02025	KHV
HG02029	KHV
HG02028	KHV
HG02058	KHV
HG02057	KHV
HG02070	KHV
HG02069	KHV
HG02073	KHV
HG02072	KHV
HG02076	KHV
HG02075	KHV
HG02079	KHV
HG02078	KHV
HG02082	KHV
HG02646	GWD
HG02666	GWD
HG02667	GWD
HG02675	GWD
HG02676	GWD
HG02678	GWD
HG02679	GWD
HG02702	GWD
HG02703	GWD
HG02721	GWD
HG02722	GWD
HG02490	PJL
HG02491	PJL
HG02600	PJL
HG02601	PJL
HG02603	PJL
HG02604	PJL
HG02654	PJL
HG02655	PJL
HG02657	PJL
HG02658	PJL
HG02660	PJL
HG02505	ACB
HG02536	ACB
HG02541	ACB
HG02545	ACB
HG02546	ACB
HG02549	ACB
HG02554	ACB
HG02555	ACB
HG02557	ACB
HG02558	ACB
HG02577	ACB
HG02580	ACB
HG01088	PUR
HG01089	PUR
HG01302	PUR
HG01303	PUR
HG01311	PUR
HG01312	PUR
HG01323	PUR
HG01325	PUR
HG01326	PUR
HG01392	PUR
HG03899	STU
HG03951	STU
HG03857	STU
HG03854	STU
HG04100	STU
HG04210	STU
HG04075	STU
HG04229	STU
HG04227	STU
HG03945	STU
HG03955	STU
HG03990	STU
HG03991	STU
HG03985	STU
HG03989	STU
HG03998	STU
HG04003	STU
HG04038	STU
HG04039	STU
HG04047	STU
HG04107	STU
HG04106	STU
HG00595	CHS
HG00596	CHS
HG00607	CHS
HG00608	CHS
HG00610	CHS
HG00611	CHS
HG00613	CHS
HG00614	CHS
HG00619	CHS
HG00620	CHS
HG00625	CHS
HG00626	CHS
HG00628	CHS
HG00629	CHS
HG00634	CHS
HG00637	PUR
HG00638	PUR
HG00640	PUR
HG00641	PUR
HG00650	CHS
HG00651	CHS
HG00653	CHS
HG02081	KHV
HG02085	KHV
HG02084	KHV
HG02134	KHV
HG02133	KHV
HG01841	KHV
HG01595	KHV
HG01596	KHV
HG01597	KHV
HG01598	KHV
HG01599	KHV
HG01600	KHV
HG01840	KHV
HG01842	KHV
HG01843	KHV
HG01844	KHV
HG01845	KHV
HG01846	KHV
HG01847	KHV
HG01848	KHV
HG01849	KHV
HG01850	KHV
HG02661	PJL
HG02684	PJL
HG02685	PJL
HG02687	PJL
HG02688	PJL
HG02696	PJL
HG02697	PJL
HG02733	PJL
HG02734	PJL
HG02610	GWD
HG02611	GWD
HG02634	GWD
HG02635	GWD
HG02715	GWD
HG02716	GWD
HG02768	GWD
HG02769	GWD
HG02771	GWD
HG02772	GWD
HG02798	GWD
HG02799	GWD
HG02804	GWD
HG01393	PUR
HG01395	PUR
HG01396	PUR
HG01402	PUR
HG01403	PUR
HG01413	PUR
HG01414	PUR
HG00742	PUR
HG00743	PUR
HG01058	PUR
HG01063	PUR
HG01064	PUR
HG01077	PUR
HG01092	PUR
HG01161	PUR
HG01162	PUR
HG01164	PUR
HG01200	PUR
HG01286	PUR
HG01305	PUR
HG01308	PUR
HG01398	PUR
HG03774	ITU
HG04001	ITU
HG03866	ITU
HG03969	ITU
HG04023	ITU
HG04060	ITU
HG04090	ITU
HG04056	ITU
HG04054	ITU
HG04061	ITU
HG04062	ITU
HG04059	ITU
HG04076	ITU
HG04080	ITU
HG04094	ITU
HG04096	ITU
HG04098	ITU
HG03778	ITU
HG04209	ITU
HG04198	ITU
HG04200	ITU
HG04206	ITU
HG00654	CHS
HG00656	CHS
HG00657	CHS
HG00662	CHS
HG00663	CHS
HG00671	CHS
HG00672	CHS
HG00683	CHS
HG00684	CHS
HG00689	CHS
HG00690	CHS
HG00692	CHS
HG00693	CHS
HG00698	CHS
HG00699	CHS
HG00701	CHS
HG00704	CHS
HG00705	CHS
HG00707	CHS
HG00708	CHS
HG00717	CHS
HG00731	PUR
HG01851	KHV
HG01852	KHV
HG01853	KHV
HG01855	KHV
HG01857	KHV
HG01858	KHV
HG01859	KHV
HG01860	KHV
HG01861	KHV
HG01862	KHV
HG01863	KHV
HG01864	KHV
HG01865	KHV
HG01866	KHV
HG01867	KHV
HG01868	KHV
HG01869	KHV
HG01870	KHV
HG01871	KHV
HG01872	KHV
HG01873	KHV
HG01874	KHV
HG02805	GWD
HG02807	GWD
HG02808	GWD
HG02810	GWD
HG02811	GWD
HG02813	GWD
HG02814	GWD
HG02839	GWD
HG02840	GWD
HG02851	GWD
HG02852	GWD
HG02887	GWD
HG02888	GWD
HG02895	GWD
HG02896	GWD
HG03027	GWD
HG03028	GWD
HG03039	GWD
HG03040	GWD
HG03045	GWD
HG03046	GWD
HG03048	GWD
HG01405	PUR
HG01412	PUR
HG01119	CLM
HG01121	CLM
HG01122	CLM
HG01130	CLM
HG01131	CLM
HG01142	CLM
HG01269	CLM
HG01280	CLM
HG01281	CLM
HG01284	CLM
HG01362	CLM
HG01363	CLM
HG01369	CLM
HG01372	CLM
HG01431	CLM
HG01432	CLM
HG01435	CLM
HG01443	CLM
HG01444	CLM
HG01447	CLM
HG04202	ITU
HG04211	ITU
HG04212	ITU
HG04222	ITU
HG04214	ITU
HG04216	ITU
HG04239	ITU
HG04219	ITU
HG04225	ITU
HG04235	ITU
HG04238	ITU
HG03875	ITU
HG03965	ITU
HG04070	ITU
HG03868	ITU
HG03871	ITU
HG03967	ITU
HG00288	FIN
HG00290	FIN
HG00304	FIN
HG01765	IBS
HG01766	IBS
HG00732	PUR
HG00736	PUR
HG00737	PUR
HG00739	PUR
HG00740	PUR
HG01047	PUR
HG01048	PUR
HG01049	PUR
HG01054	PUR
HG01055	PUR
HG01066	PUR
HG01067	PUR
HG01079	PUR
HG01080	PUR
HG01097	PUR
HG01098	PUR
NA19913	ASW
NA20274	ASW
NA20318	ASW
NA20320	ASW
NA20321	ASW
NA20355	ASW
HG01878	KHV
HG02048	KHV
HG02049	KHV
HG02086	KHV
HG02087	KHV
HG02088	KHV
HG02138	KHV
HG02139	KHV
HG02140	KHV
HG02142	KHV
HG01694	IBS
HG01695	IBS
HG01709	IBS
HG01710	IBS
HG01747	IBS
HG01746	IBS
HG01756	IBS
HG01757	IBS
HG01761	IBS
HG01762	IBS
HG01771	IBS
HG01770	IBS
HG03049	GWD
HG03258	GWD
HG03259	GWD
HG02756	GWD
HG02757	GWD
HG02816	GWD
HG02817	GWD
HG02836	GWD
HG02837	GWD
HG02860	GWD
HG02861	GWD
HG02884	GWD
HG02885	GWD
HG02890	GWD
HG02891	GWD
HG03052	MSL
HG03057	MSL
HG03058	MSL
HG03078	MSL
HG03084	MSL
HG03085	MSL
HG03096	MSL
HG01459	CLM
HG01468	CLM
HG01474	CLM
HG01479	CLM
HG01485	CLM
HG01486	CLM
HG01556	CLM
HG01961	PEL
HG01965	PEL
HG02006	PEL
HG02102	PEL
HG02150	PEL
HG02252	PEL
HG02253	PEL
HG02262	PEL
HG02265	PEL
HG02266	PEL
HG02274	PEL
HG02275	PEL
HG02304	PEL
HG02312	PEL
HG02345	PEL
HG01767	IBS
HG01768	IBS
HG01785	IBS
HG01786	IBS
HG02219	IBS
NA18874	YRI
NA12830	CEU
NA12546	CEU
NA20362	ASW
HG00734	PUR
HG00154	GBR
HG00246	GBR
HG00250	GBR
HG00251	GBR
HG00274	FIN
HG00275	FIN
HG00276	FIN
HG00277	FIN
HG00278	FIN
HG00280	FIN
HG00281	FIN
HG00282	FIN
HG00284	FIN
HG00285	FIN
HG00310	FIN
HG00324	FIN
HG00325	FIN
HG00326	FIN
HG00329	FIN
HG00330	FIN
HG01775	IBS
HG01773	IBS
HG01777	IBS
HG01776	IBS
HG01781	IBS
HG01779	IBS
HG00759	CDX
HG00766	CDX
HG00844	CDX
HG00851	CDX
HG00864	CDX
HG00867	CDX
HG00879	CDX
HG00881	CDX
HG00956	CDX
HG00978	CDX
HG00982	CDX
HG01028	CDX
HG01029	CDX
HG01031	CDX
HG01046	CDX
HG01794	CDX
HG03097	MSL
HG03397	MSL
HG03451	MSL
HG03452	MSL
HG03464	MSL
HG03469	MSL
HG03472	MSL
HG02923	ESN
HG02922	ESN
HG02944	ESN
HG02943	ESN
HG02974	ESN
HG02973	ESN
HG03100	ESN
HG03099	ESN
HG03109	ESN
HG03108	ESN
HG03115	ESN
HG03114	ESN
HG03121	ESN
HG03120	ESN
HG03124	ESN
HG02348	PEL
HG02425	PEL
HG02408	CDX
HG02410	CDX
HG03237	PJL
HG03238	PJL
HG03607	BEB
HG03805	BEB
HG03908	BEB
HG03907	BEB
HG03926	BEB
HG03925	BEB
HG03594	BEB
HG03595	BEB
HG03809	BEB
HG03808	BEB
HG03009	BEB
HG03812	BEB
HG03817	BEB
HG03902	BEB
HG03012	BEB
HG03905	BEB
HG00331	FIN
HG00332	FIN
HG00334	FIN
HG00341	FIN
HG00383	FIN
HG00551	PUR
HG01051	PUR
HG01052	PUR
HG01060	PUR
HG01061	PUR
HG01069	PUR
HG01070	PUR
HG01072	PUR
HG01073	PUR
HG01075	PUR
HG01082	PUR
HG01083	PUR
HG01085	PUR
HG01086	PUR
HG01094	PUR
HG01095	PUR
HG01101	PUR
HG01795	CDX
HG01796	CDX
HG01797	CDX
HG01798	CDX
HG01799	CDX
HG01800	CDX
HG01801	CDX
HG01802	CDX
HG01804	CDX
HG01805	CDX
HG01806	CDX
HG01807	CDX
HG01808	CDX
HG01809	CDX
HG01810	CDX
HG01811	CDX
HG01812	CDX
HG01813	CDX
HG02151	CDX
HG01815	CDX
HG01816	CDX
HG01817	CDX
HG03123	ESN
HG03133	ESN
HG03132	ESN
HG03136	ESN
HG03135	ESN
HG02724	PJL
HG02725	PJL
HG02727	PJL
HG02728	PJL
HG02783	PJL
HG02784	PJL
HG02786	PJL
HG02787	PJL
HG02789	PJL
HG02790	PJL
HG00409	CHS
HG00410	CHS
HG00598	CHS
HG00599	CHS
HG00728	CHS
HG00729	CHS
HG00622	CHS
HG03911	BEB
HG03910	BEB
HG03916	BEB
HG03919	BEB
HG03928	BEB
HG03931	BEB
HG03585	BEB
HG03937	BEB
HG03934	BEB
HG04146	BEB
HG03589	BEB
HG04159	BEB
HG03593	BEB
HG04186	BEB
HG03598	BEB
HG03755	STU
HG03850	STU
HG03894	STU
HG03897	STU
HG03944	STU
HG03646	STU
HG03645	STU
HG01102	PUR
HG01104	PUR
HG01105	PUR
HG01107	PUR
HG01108	PUR
HG01110	PUR
HG01111	PUR
HG01112	CLM
HG01113	CLM
HG01124	CLM
HG01125	CLM
HG01133	CLM
HG01134	CLM
HG01136	CLM
HG01137	CLM
HG01139	CLM
HG01140	CLM
HG01148	CLM
HG01149	CLM
HG01167	PUR
HG01168	PUR
HG01170	PUR
HG02152	CDX
HG02153	CDX
HG02154	CDX
HG02155	CDX
HG02156	CDX
HG02164	CDX
HG02165	CDX
HG02166	CDX
HG02178	CDX
HG02179	CDX
HG02180	CDX
HG02181	CDX
HG02182	CDX
HG02184	CDX
HG02185	CDX
HG02186	CDX
HG02187	CDX
HG02188	CDX
HG02190	CDX
HG01789	GBR
HG01790	GBR
HG01791	GBR
HG00623	CHS
HG00631	CHS
HG00632	CHS
HG00674	CHS
HG00675	CHS
HG03024	GWD
HG03025	GWD
HG03240	GWD
HG03241	GWD
HG03246	GWD
HG03247	GWD
HG03538	GWD
HG03539	GWD
HG02819	GWD
HG02820	GWD
HG02854	GWD
HG02855	GWD
HG03470	MSL
HG03473	MSL
HG03081	MSL
HG03088	MSL
HG03209	MSL
HG03999	STU
HG03672	STU
HG03680	STU
HG03681	STU
HG03685	STU
HG03686	STU
HG03687	STU
HG03689	STU
HG03690	STU
HG03691	STU
HG03694	STU
HG03695	STU
HG03696	STU
HG03697	STU
HG03698	STU
HG03711	STU
HG03733	STU
HG03736	STU
HG03738	STU
HG03744	STU
HG03745	STU
HG03752	STU
