sample_id	genus	species	country	mean_coverage
GD2068	Phyllotis	vaccarum	Chile	2.8602
GD2069	Phyllotis	vaccarum	Chile	3.5338
GD2094	Phyllotis	vaccarum	Chile	1.9025
GD2095	Phyllotis	vaccarum	Chile	3.7615
GD2096	Phyllotis	vaccarum	Chile	3.0404
GD2097	Phyllotis	vaccarum	Chile	3.4854
GD2099	Phyllotis	vaccarum	Chile	2.6385
GD2100	Phyllotis	vaccarum	Chile	2.9429
GD2101	Phyllotis	vaccarum	Chile	3.3985
GD2117	Phyllotis	limatus	Chile	2.5848
GD2120	Phyllotis	limatus	Chile	3.1672
GD2121	Phyllotis	limatus	Chile	2.8317
GD2133	Phyllotis	limatus	Chile	3.1331
GD2134	Phyllotis	limatus	Chile	3.9149
GD2135	Phyllotis	limatus	Chile	4.2821
GD2150	Phyllotis	limatus	Chile	3.8248
GD2155	Phyllotis	limatus	Chile	2.9178
GD2174	Phyllotis	limatus	Chile	2.9518
GD2226	Phyllotis	limatus	Chile	2.5997
GD2228	Phyllotis	limatus	Chile	2.8383
GD2229	Phyllotis	limatus	Chile	3.1258
GD2231	Phyllotis	limatus	Chile	2.9256
GD2232	Phyllotis	limatus	Chile	3.322
GD2233	Phyllotis	limatus	Chile	2.9957
GD2234	Phyllotis	limatus	Chile	3.0409
GD2241	Phyllotis	limatus	Chile	3.6068
GD2242	Phyllotis	limatus	Chile	3.1402
GD2245	Phyllotis	limatus	Chile	3.4605
GD2350	Phyllotis	hybrid	Chile	8.9396
MQC359	Phyllotis	vaccarum	Chile	1.7675
MQC360	Phyllotis	vaccarum	Chile	1.7241
MQC361	Phyllotis	vaccarum	Chile	1.721
MQC362	Phyllotis	vaccarum	Chile	1.3578
MQC364	Phyllotis	vaccarum	Chile	1.8123
MQC365	Phyllotis	vaccarum	Chile	1.3119
MQC383	Phyllotis	vaccarum	Chile	2.6559
MQC390	Phyllotis	vaccarum	Chile	1.5052
MQC392	Phyllotis	vaccarum	Chile	2.8806
MQC394	Phyllotis	vaccarum	Chile	1.2638
MQC396	Phyllotis	vaccarum	Chile	1.5474
MQC400	Phyllotis	vaccarum	Chile	1.3328
MQC401	Phyllotis	vaccarum	Chile	1.7691
MQC402	Phyllotis	vaccarum	Chile	2.1603
MQC403	Phyllotis	vaccarum	Chile	1.5808
MQC404	Phyllotis	vaccarum	Chile	1.9318
MQC405	Phyllotis	vaccarum	Chile	1.7571
MQC406	Phyllotis	vaccarum	Chile	1.5505
MQC408	Phyllotis	vaccarum	Chile	1.5925
MQC410	Phyllotis	vaccarum	Chile	1.6182
MQC411	Phyllotis	vaccarum	Chile	2.5615
MQC414	Phyllotis	vaccarum	Chile	3.9254
MQC415	Phyllotis	vaccarum	Chile	3.6901
MQC418	Phyllotis	vaccarum	Chile	2.3581
MQC419	Phyllotis	vaccarum	Chile	3.1846
MQC420	Phyllotis	vaccarum	Chile	3.1974
MQC422	Phyllotis	vaccarum	Chile	5.2284
MQC428	Phyllotis	vaccarum	Chile	9.085
MQC433	Phyllotis	vaccarum	Chile	1.4168
MQC438	Phyllotis	vaccarum	Chile	2.4336
MQC439	Phyllotis	vaccarum	Chile	2.5641
MQC440	Phyllotis	vaccarum	Chile	2.4864
MQC441	Phyllotis	vaccarum	Chile	1.5361
MQC443	Phyllotis	vaccarum	Chile	1.4322
MQC453	Phyllotis	vaccarum	Chile	17.1203
MQC466	Phyllotis	vaccarum	Chile	1.986
MQC469	Phyllotis	vaccarum	Chile	4.1889
MQC470	Phyllotis	vaccarum	Chile	2.3028
MQC476	Phyllotis	vaccarum	Chile	0.0353
MQC520	Phyllotis	vaccarum	Chile	11.131
MQC521	Phyllotis	vaccarum	Chile	1.7932
MQC522	Phyllotis	vaccarum	Chile	4.9431